player_name,match_logs_url
Shutlan-Axwijk,/en/players/dfd55385/matchlogs/2003-2004/summary/Shutlan-Axwijk-Match-Logs
Mohammad-Awwad,/en/players/e7e257d2/matchlogs/nat_tm/summary/Mohammad-Awwad-Match-Logs
Mohammad-Awwad,/en/players/e7e257d2/matchlogs/2016-2017/summary/Mohammad-Awwad-Match-Logs
Mohammad-Awwad,/en/players/e7e257d2/matchlogs/2019-2020/summary/Mohammad-Awwad-Match-Logs
Mohammad-Awwad,/en/players/e7e257d2/matchlogs/2020-2021/summary/Mohammad-Awwad-Match-Logs
Carlos-Auzqui,/en/players/476d6fbe/matchlogs/2021-2022/summary/Carlos-Auzqui-Match-Logs
Carlos-Auzqui,/en/players/476d6fbe/matchlogs/2022-2023/summary/Carlos-Auzqui-Match-Logs
Carlos-Auzqui,/en/players/476d6fbe/matchlogs/2017/summary/Carlos-Auzqui-Match-Logs
Carlos-Auzqui,/en/players/476d6fbe/matchlogs/2019/summary/Carlos-Auzqui-Match-Logs
Carlos-Auzqui,/en/players/476d6fbe/matchlogs/2020/summary/Carlos-Auzqui-Match-Logs
Carlos-Auzqui,/en/players/476d6fbe/matchlogs/2018/summary/Carlos-Auzqui-Match-Logs
Carlos-Auzqui,/en/players/476d6fbe/matchlogs/2019-2020/summary/Carlos-Auzqui-Match-Logs
Carlos-Auzqui,/en/players/476d6fbe/matchlogs/2016/summary/Carlos-Auzqui-Match-Logs
Carlos-Auzqui,/en/players/476d6fbe/matchlogs/2016-2017/summary/Carlos-Auzqui-Match-Logs
Carlos-Auzqui,/en/players/476d6fbe/matchlogs/2017-2018/summary/Carlos-Auzqui-Match-Logs
Carlos-Auzqui,/en/players/476d6fbe/matchlogs/2015/summary/Carlos-Auzqui-Match-Logs
Carlos-Auzqui,/en/players/476d6fbe/matchlogs/2021/summary/Carlos-Auzqui-Match-Logs
Carlos-Auzqui,/en/players/476d6fbe/matchlogs/2018-2019/summary/Carlos-Auzqui-Match-Logs
Carlos-Auzqui,/en/players/476d6fbe/matchlogs/2014/summary/Carlos-Auzqui-Match-Logs
player_name,match_logs_url
Saad-Bguir,/en/players/020e13ff/matchlogs/nat_tm/summary/Saad-Bguir-Match-Logs
Saad-Bguir,/en/players/020e13ff/matchlogs/2022-2023/summary/Saad-Bguir-Match-Logs
Saad-Bguir,/en/players/020e13ff/matchlogs/2021-2022/summary/Saad-Bguir-Match-Logs
Saad-Bguir,/en/players/020e13ff/matchlogs/2020-2021/summary/Saad-Bguir-Match-Logs
Saad-Bguir,/en/players/020e13ff/matchlogs/2019-2020/summary/Saad-Bguir-Match-Logs
Aldo-Bezzon,/en/players/6097da33/matchlogs/2020-2021/summary/Aldo-Bezzon-Match-Logs
Alexis-Bbakka,/en/players/e54aa480/matchlogs/2020/summary/Alexis-Bbakka-Match-Logs
Alexis-Bbakka,/en/players/e54aa480/matchlogs/nat_tm/summary/Alexis-Bbakka-Match-Logs
player_name,match_logs_url
Waseem-Al-Bzour,/en/players/8a0e98fb/matchlogs/nat_tm/summary/Waseem-Al-Bzour-Match-Logs
Zakiya-Bywaters,/en/players/307d07db/matchlogs/2014/summary/Zakiya-Bywaters-Match-Logs
Zakiya-Bywaters,/en/players/307d07db/matchlogs/2013/summary/Zakiya-Bywaters-Match-Logs
Elvis-Bwomono,/en/players/ba4cddff/matchlogs/2019-2020/summary/Elvis-Bwomono-Match-Logs
Elvis-Bwomono,/en/players/ba4cddff/matchlogs/nat_tm/summary/Elvis-Bwomono-Match-Logs
Elvis-Bwomono,/en/players/ba4cddff/matchlogs/2017-2018/summary/Elvis-Bwomono-Match-Logs
Elvis-Bwomono,/en/players/ba4cddff/matchlogs/2020-2021/summary/Elvis-Bwomono-Match-Logs
Elvis-Bwomono,/en/players/ba4cddff/matchlogs/2018-2019/summary/Elvis-Bwomono-Match-Logs
